[
{
    "model": "admin.logentry",
    "pk": 1,
    "fields": {
        "action_time": "2024-06-03T16:04:10.408Z",
        "user": 1,
        "content_type": 9,
        "object_id": "1",
        "object_repr": "LUNCH",
        "action_flag": 1,
        "change_message": "[{\"added\": {}}]"
    }
},
{
    "model": "admin.logentry",
    "pk": 2,
    "fields": {
        "action_time": "2024-06-03T16:04:28.760Z",
        "user": 1,
        "content_type": 9,
        "object_id": "2",
        "object_repr": "DINNER",
        "action_flag": 1,
        "change_message": "[{\"added\": {}}]"
    }
},
{
    "model": "admin.logentry",
    "pk": 3,
    "fields": {
        "action_time": "2024-06-03T16:04:48.995Z",
        "user": 1,
        "content_type": 9,
        "object_id": "3",
        "object_repr": "STARTERS",
        "action_flag": 1,
        "change_message": "[{\"added\": {}}]"
    }
},
{
    "model": "admin.logentry",
    "pk": 4,
    "fields": {
        "action_time": "2024-06-03T16:05:29.810Z",
        "user": 1,
        "content_type": 9,
        "object_id": "4",
        "object_repr": "MAIN",
        "action_flag": 1,
        "change_message": "[{\"added\": {}}]"
    }
},
{
    "model": "admin.logentry",
    "pk": 5,
    "fields": {
        "action_time": "2024-06-03T16:05:53.652Z",
        "user": 1,
        "content_type": 9,
        "object_id": "5",
        "object_repr": "DRINKS",
        "action_flag": 1,
        "change_message": "[{\"added\": {}}]"
    }
},
{
    "model": "admin.logentry",
    "pk": 6,
    "fields": {
        "action_time": "2024-06-03T16:06:06.128Z",
        "user": 1,
        "content_type": 9,
        "object_id": "6",
        "object_repr": "DESSERT",
        "action_flag": 1,
        "change_message": "[{\"added\": {}}]"
    }
},
{
    "model": "admin.logentry",
    "pk": 7,
    "fields": {
        "action_time": "2024-06-04T12:44:30.593Z",
        "user": 1,
        "content_type": 13,
        "object_id": "1",
        "object_repr": "SED VARIUS",
        "action_flag": 1,
        "change_message": "[{\"added\": {}}]"
    }
},
{
    "model": "admin.logentry",
    "pk": 8,
    "fields": {
        "action_time": "2024-06-04T12:51:52.551Z",
        "user": 1,
        "content_type": 13,
        "object_id": "2",
        "object_repr": "TEMPUS ALIQUET",
        "action_flag": 1,
        "change_message": "[{\"added\": {}}]"
    }
},
{
    "model": "admin.logentry",
    "pk": 9,
    "fields": {
        "action_time": "2024-06-04T12:58:31.375Z",
        "user": 1,
        "content_type": 13,
        "object_id": "2",
        "object_repr": "TEMPUS ALIQUET",
        "action_flag": 2,
        "change_message": "[{\"changed\": {\"fields\": [\"Photo\"]}}]"
    }
},
{
    "model": "admin.logentry",
    "pk": 10,
    "fields": {
        "action_time": "2024-06-04T13:00:50.794Z",
        "user": 1,
        "content_type": 13,
        "object_id": "2",
        "object_repr": "TEMPUS ALIQUET",
        "action_flag": 3,
        "change_message": ""
    }
},
{
    "model": "admin.logentry",
    "pk": 11,
    "fields": {
        "action_time": "2024-06-04T13:02:14.727Z",
        "user": 1,
        "content_type": 13,
        "object_id": "3",
        "object_repr": "TEMPUS ALIQUET",
        "action_flag": 1,
        "change_message": "[{\"added\": {}}]"
    }
},
{
    "model": "admin.logentry",
    "pk": 12,
    "fields": {
        "action_time": "2024-06-04T13:04:05.750Z",
        "user": 1,
        "content_type": 13,
        "object_id": "4",
        "object_repr": "DUIS MASSA",
        "action_flag": 1,
        "change_message": "[{\"added\": {}}]"
    }
},
{
    "model": "admin.logentry",
    "pk": 13,
    "fields": {
        "action_time": "2024-06-04T13:08:24.809Z",
        "user": 1,
        "content_type": 13,
        "object_id": "5",
        "object_repr": "SBRISALONA",
        "action_flag": 1,
        "change_message": "[{\"added\": {}}]"
    }
},
{
    "model": "admin.logentry",
    "pk": 14,
    "fields": {
        "action_time": "2024-06-04T13:09:47.969Z",
        "user": 1,
        "content_type": 13,
        "object_id": "6",
        "object_repr": "CRAS EGET MAGNA",
        "action_flag": 1,
        "change_message": "[{\"added\": {}}]"
    }
},
{
    "model": "admin.logentry",
    "pk": 15,
    "fields": {
        "action_time": "2024-06-04T13:11:06.289Z",
        "user": 1,
        "content_type": 13,
        "object_id": "7",
        "object_repr": "NULLAM MAXIMUS",
        "action_flag": 1,
        "change_message": "[{\"added\": {}}]"
    }
},
{
    "model": "admin.logentry",
    "pk": 16,
    "fields": {
        "action_time": "2024-06-04T13:13:06.810Z",
        "user": 1,
        "content_type": 13,
        "object_id": "8",
        "object_repr": "MAECENAS TRISTIQUE",
        "action_flag": 1,
        "change_message": "[{\"added\": {}}]"
    }
},
{
    "model": "admin.logentry",
    "pk": 17,
    "fields": {
        "action_time": "2024-06-04T13:14:19.246Z",
        "user": 1,
        "content_type": 13,
        "object_id": "9",
        "object_repr": "PINE NUT SBRISALONA",
        "action_flag": 1,
        "change_message": "[{\"added\": {}}]"
    }
},
{
    "model": "admin.logentry",
    "pk": 18,
    "fields": {
        "action_time": "2024-06-04T13:15:24.861Z",
        "user": 1,
        "content_type": 13,
        "object_id": "10",
        "object_repr": "SUSPENDISSE EU",
        "action_flag": 1,
        "change_message": "[{\"added\": {}}]"
    }
},
{
    "model": "admin.logentry",
    "pk": 19,
    "fields": {
        "action_time": "2024-06-04T13:16:25.557Z",
        "user": 1,
        "content_type": 13,
        "object_id": "11",
        "object_repr": "CRAS MAXIMUS",
        "action_flag": 1,
        "change_message": "[{\"added\": {}}]"
    }
},
{
    "model": "admin.logentry",
    "pk": 20,
    "fields": {
        "action_time": "2024-06-04T13:17:58.210Z",
        "user": 1,
        "content_type": 13,
        "object_id": "12",
        "object_repr": "PINE NUT SBRISALONAS",
        "action_flag": 1,
        "change_message": "[{\"added\": {}}]"
    }
},
{
    "model": "admin.logentry",
    "pk": 21,
    "fields": {
        "action_time": "2024-06-04T13:19:19.879Z",
        "user": 1,
        "content_type": 13,
        "object_id": "13",
        "object_repr": "TEMPOR MALESUADA",
        "action_flag": 1,
        "change_message": "[{\"added\": {}}]"
    }
},
{
    "model": "admin.logentry",
    "pk": 22,
    "fields": {
        "action_time": "2024-06-04T13:20:50.959Z",
        "user": 1,
        "content_type": 13,
        "object_id": "14",
        "object_repr": "PINES NUT SBRISALONAS",
        "action_flag": 1,
        "change_message": "[{\"added\": {}}]"
    }
},
{
    "model": "admin.logentry",
    "pk": 23,
    "fields": {
        "action_time": "2024-06-04T13:21:39.291Z",
        "user": 1,
        "content_type": 13,
        "object_id": "15",
        "object_repr": "AENEAN EU",
        "action_flag": 1,
        "change_message": "[{\"added\": {}}]"
    }
},
{
    "model": "admin.logentry",
    "pk": 24,
    "fields": {
        "action_time": "2024-06-04T13:22:25.521Z",
        "user": 1,
        "content_type": 13,
        "object_id": "16",
        "object_repr": "SED FEUGIAT",
        "action_flag": 1,
        "change_message": "[{\"added\": {}}]"
    }
},
{
    "model": "admin.logentry",
    "pk": 25,
    "fields": {
        "action_time": "2024-06-04T13:23:13.543Z",
        "user": 1,
        "content_type": 13,
        "object_id": "17",
        "object_repr": "CONSECTETUR",
        "action_flag": 1,
        "change_message": "[{\"added\": {}}]"
    }
},
{
    "model": "admin.logentry",
    "pk": 26,
    "fields": {
        "action_time": "2024-06-04T13:24:20.912Z",
        "user": 1,
        "content_type": 13,
        "object_id": "18",
        "object_repr": "VIVAMUS PRETIUM",
        "action_flag": 1,
        "change_message": "[{\"added\": {}}]"
    }
},
{
    "model": "admin.logentry",
    "pk": 27,
    "fields": {
        "action_time": "2024-06-04T13:25:14.373Z",
        "user": 1,
        "content_type": 13,
        "object_id": "19",
        "object_repr": "DUIS PHARETRA LIGULA",
        "action_flag": 1,
        "change_message": "[{\"added\": {}}]"
    }
},
{
    "model": "admin.logentry",
    "pk": 28,
    "fields": {
        "action_time": "2024-06-04T13:26:03.449Z",
        "user": 1,
        "content_type": 13,
        "object_id": "20",
        "object_repr": "IN EU DOLOR",
        "action_flag": 1,
        "change_message": "[{\"added\": {}}]"
    }
},
{
    "model": "admin.logentry",
    "pk": 29,
    "fields": {
        "action_time": "2024-06-04T13:26:51.341Z",
        "user": 1,
        "content_type": 13,
        "object_id": "21",
        "object_repr": "FEUGIAT MAXIMUS",
        "action_flag": 1,
        "change_message": "[{\"added\": {}}]"
    }
},
{
    "model": "admin.logentry",
    "pk": 30,
    "fields": {
        "action_time": "2024-06-04T13:27:41.124Z",
        "user": 1,
        "content_type": 13,
        "object_id": "22",
        "object_repr": "DUIS SED ALIQUET",
        "action_flag": 1,
        "change_message": "[{\"added\": {}}]"
    }
},
{
    "model": "admin.logentry",
    "pk": 31,
    "fields": {
        "action_time": "2024-06-04T13:28:20.546Z",
        "user": 1,
        "content_type": 13,
        "object_id": "23",
        "object_repr": "SUSPENDISSE",
        "action_flag": 1,
        "change_message": "[{\"added\": {}}]"
    }
},
{
    "model": "admin.logentry",
    "pk": 32,
    "fields": {
        "action_time": "2024-06-04T13:29:09.603Z",
        "user": 1,
        "content_type": 13,
        "object_id": "24",
        "object_repr": "SCELERISQUE SED",
        "action_flag": 1,
        "change_message": "[{\"added\": {}}]"
    }
},
{
    "model": "admin.logentry",
    "pk": 33,
    "fields": {
        "action_time": "2024-06-04T13:29:53.912Z",
        "user": 1,
        "content_type": 13,
        "object_id": "25",
        "object_repr": "MOLLIS NULLA",
        "action_flag": 1,
        "change_message": "[{\"added\": {}}]"
    }
},
{
    "model": "admin.logentry",
    "pk": 34,
    "fields": {
        "action_time": "2024-06-04T13:30:44.297Z",
        "user": 1,
        "content_type": 13,
        "object_id": "26",
        "object_repr": "CONVALLIS AUGUE",
        "action_flag": 1,
        "change_message": "[{\"added\": {}}]"
    }
},
{
    "model": "admin.logentry",
    "pk": 35,
    "fields": {
        "action_time": "2024-06-04T13:31:34.209Z",
        "user": 1,
        "content_type": 13,
        "object_id": "27",
        "object_repr": "MAECENAS TRISTIQUES",
        "action_flag": 1,
        "change_message": "[{\"added\": {}}]"
    }
},
{
    "model": "admin.logentry",
    "pk": 36,
    "fields": {
        "action_time": "2024-06-04T13:32:21.366Z",
        "user": 1,
        "content_type": 13,
        "object_id": "28",
        "object_repr": "DUIS TINCDUNT",
        "action_flag": 1,
        "change_message": "[{\"added\": {}}]"
    }
},
{
    "model": "admin.logentry",
    "pk": 37,
    "fields": {
        "action_time": "2024-06-04T13:33:28.565Z",
        "user": 1,
        "content_type": 13,
        "object_id": "29",
        "object_repr": "TEMPUS ALIQUETS",
        "action_flag": 1,
        "change_message": "[{\"added\": {}}]"
    }
},
{
    "model": "admin.logentry",
    "pk": 38,
    "fields": {
        "action_time": "2024-06-04T13:34:01.527Z",
        "user": 1,
        "content_type": 13,
        "object_id": "30",
        "object_repr": "SCELERISQUE",
        "action_flag": 1,
        "change_message": "[{\"added\": {}}]"
    }
},
{
    "model": "admin.logentry",
    "pk": 39,
    "fields": {
        "action_time": "2024-06-04T13:34:46.991Z",
        "user": 1,
        "content_type": 13,
        "object_id": "31",
        "object_repr": "CRAS MAX",
        "action_flag": 1,
        "change_message": "[{\"added\": {}}]"
    }
},
{
    "model": "admin.logentry",
    "pk": 40,
    "fields": {
        "action_time": "2024-06-04T13:38:41.147Z",
        "user": 1,
        "content_type": 8,
        "object_id": "1",
        "object_repr": "ROMANTIC RESTAURANT",
        "action_flag": 1,
        "change_message": "[{\"added\": {}}]"
    }
},
{
    "model": "admin.logentry",
    "pk": 41,
    "fields": {
        "action_time": "2024-06-04T13:39:32.834Z",
        "user": 1,
        "content_type": 8,
        "object_id": "2",
        "object_repr": "DELICIOUS FOOD",
        "action_flag": 1,
        "change_message": "[{\"added\": {}}]"
    }
},
{
    "model": "admin.logentry",
    "pk": 42,
    "fields": {
        "action_time": "2024-06-04T13:40:34.964Z",
        "user": 1,
        "content_type": 8,
        "object_id": "3",
        "object_repr": "RED WINES YOU LOVE",
        "action_flag": 1,
        "change_message": "[{\"added\": {}}]"
    }
},
{
    "model": "admin.logentry",
    "pk": 43,
    "fields": {
        "action_time": "2024-06-04T13:44:12.978Z",
        "user": 1,
        "content_type": 12,
        "object_id": "1",
        "object_repr": "Marie Simmons ˗ New York",
        "action_flag": 1,
        "change_message": "[{\"added\": {}}]"
    }
},
{
    "model": "admin.logentry",
    "pk": 44,
    "fields": {
        "action_time": "2024-06-04T13:45:16.467Z",
        "user": 1,
        "content_type": 12,
        "object_id": "2",
        "object_repr": "Marie Simmons ˗ New York",
        "action_flag": 1,
        "change_message": "[{\"added\": {}}]"
    }
},
{
    "model": "admin.logentry",
    "pk": 45,
    "fields": {
        "action_time": "2024-06-04T13:47:04.961Z",
        "user": 1,
        "content_type": 12,
        "object_id": "3",
        "object_repr": "Marie Simmons ˗ New York",
        "action_flag": 1,
        "change_message": "[{\"added\": {}}]"
    }
},
{
    "model": "admin.logentry",
    "pk": 46,
    "fields": {
        "action_time": "2024-06-04T13:48:38.104Z",
        "user": 1,
        "content_type": 7,
        "object_id": "1",
        "object_repr": "Peter Hart",
        "action_flag": 1,
        "change_message": "[{\"added\": {}}]"
    }
},
{
    "model": "admin.logentry",
    "pk": 47,
    "fields": {
        "action_time": "2024-06-04T13:49:19.242Z",
        "user": 1,
        "content_type": 7,
        "object_id": "2",
        "object_repr": "Joyce Bowman",
        "action_flag": 1,
        "change_message": "[{\"added\": {}}]"
    }
},
{
    "model": "admin.logentry",
    "pk": 48,
    "fields": {
        "action_time": "2024-06-04T13:50:32.460Z",
        "user": 1,
        "content_type": 7,
        "object_id": "3",
        "object_repr": "Peter Hartis",
        "action_flag": 1,
        "change_message": "[{\"added\": {}}]"
    }
},
{
    "model": "admin.logentry",
    "pk": 49,
    "fields": {
        "action_time": "2024-06-04T13:52:50.565Z",
        "user": 1,
        "content_type": 11,
        "object_id": "1",
        "object_repr": "PHOTO1",
        "action_flag": 1,
        "change_message": "[{\"added\": {}}]"
    }
},
{
    "model": "admin.logentry",
    "pk": 50,
    "fields": {
        "action_time": "2024-06-04T13:53:45.458Z",
        "user": 1,
        "content_type": 11,
        "object_id": "2",
        "object_repr": "PHOTO2",
        "action_flag": 1,
        "change_message": "[{\"added\": {}}]"
    }
},
{
    "model": "admin.logentry",
    "pk": 51,
    "fields": {
        "action_time": "2024-06-04T13:54:35.753Z",
        "user": 1,
        "content_type": 11,
        "object_id": "3",
        "object_repr": "PHOTO3",
        "action_flag": 1,
        "change_message": "[{\"added\": {}}]"
    }
},
{
    "model": "admin.logentry",
    "pk": 52,
    "fields": {
        "action_time": "2024-06-04T13:55:42.217Z",
        "user": 1,
        "content_type": 10,
        "object_id": "1",
        "object_repr": "1",
        "action_flag": 1,
        "change_message": "[{\"added\": {}}]"
    }
},
{
    "model": "admin.logentry",
    "pk": 53,
    "fields": {
        "action_time": "2024-06-04T13:56:17.075Z",
        "user": 1,
        "content_type": 10,
        "object_id": "2",
        "object_repr": "2",
        "action_flag": 1,
        "change_message": "[{\"added\": {}}]"
    }
},
{
    "model": "admin.logentry",
    "pk": 54,
    "fields": {
        "action_time": "2024-06-04T13:57:10.516Z",
        "user": 1,
        "content_type": 10,
        "object_id": "3",
        "object_repr": "3",
        "action_flag": 1,
        "change_message": "[{\"added\": {}}]"
    }
},
{
    "model": "admin.logentry",
    "pk": 55,
    "fields": {
        "action_time": "2024-06-04T13:57:38.300Z",
        "user": 1,
        "content_type": 10,
        "object_id": "4",
        "object_repr": "4",
        "action_flag": 1,
        "change_message": "[{\"added\": {}}]"
    }
},
{
    "model": "admin.logentry",
    "pk": 56,
    "fields": {
        "action_time": "2024-06-04T13:58:06.884Z",
        "user": 1,
        "content_type": 10,
        "object_id": "5",
        "object_repr": "5",
        "action_flag": 1,
        "change_message": "[{\"added\": {}}]"
    }
},
{
    "model": "admin.logentry",
    "pk": 57,
    "fields": {
        "action_time": "2024-06-04T13:58:27.097Z",
        "user": 1,
        "content_type": 10,
        "object_id": "6",
        "object_repr": "6",
        "action_flag": 1,
        "change_message": "[{\"added\": {}}]"
    }
},
{
    "model": "admin.logentry",
    "pk": 58,
    "fields": {
        "action_time": "2024-06-04T13:58:52.263Z",
        "user": 1,
        "content_type": 10,
        "object_id": "7",
        "object_repr": "7",
        "action_flag": 1,
        "change_message": "[{\"added\": {}}]"
    }
},
{
    "model": "admin.logentry",
    "pk": 59,
    "fields": {
        "action_time": "2024-06-04T13:59:27.996Z",
        "user": 1,
        "content_type": 10,
        "object_id": "8",
        "object_repr": "8",
        "action_flag": 1,
        "change_message": "[{\"added\": {}}]"
    }
},
{
    "model": "admin.logentry",
    "pk": 60,
    "fields": {
        "action_time": "2024-06-04T13:59:47.688Z",
        "user": 1,
        "content_type": 10,
        "object_id": "9",
        "object_repr": "9",
        "action_flag": 1,
        "change_message": "[{\"added\": {}}]"
    }
},
{
    "model": "admin.logentry",
    "pk": 61,
    "fields": {
        "action_time": "2024-06-05T20:17:34.279Z",
        "user": 1,
        "content_type": 13,
        "object_id": "32",
        "object_repr": "TEMPUS ALIQ",
        "action_flag": 1,
        "change_message": "[{\"added\": {}}]"
    }
},
{
    "model": "admin.logentry",
    "pk": 62,
    "fields": {
        "action_time": "2024-06-05T20:18:29.089Z",
        "user": 1,
        "content_type": 13,
        "object_id": "33",
        "object_repr": "SCELERISQUES",
        "action_flag": 1,
        "change_message": "[{\"added\": {}}]"
    }
},
{
    "model": "admin.logentry",
    "pk": 63,
    "fields": {
        "action_time": "2024-06-05T20:19:31.526Z",
        "user": 1,
        "content_type": 13,
        "object_id": "34",
        "object_repr": "CRAS M",
        "action_flag": 1,
        "change_message": "[{\"added\": {}}]"
    }
},
{
    "model": "admin.logentry",
    "pk": 64,
    "fields": {
        "action_time": "2024-06-05T20:42:32.115Z",
        "user": 1,
        "content_type": 4,
        "object_id": "1",
        "object_repr": "admin",
        "action_flag": 2,
        "change_message": "[{\"changed\": {\"fields\": [\"User permissions\"]}}]"
    }
},
{
    "model": "admin.logentry",
    "pk": 65,
    "fields": {
        "action_time": "2024-06-05T20:43:25.240Z",
        "user": 1,
        "content_type": 9,
        "object_id": "2",
        "object_repr": "DINNER",
        "action_flag": 2,
        "change_message": "[{\"changed\": {\"fields\": [\"Photo\"]}}]"
    }
},
{
    "model": "admin.logentry",
    "pk": 66,
    "fields": {
        "action_time": "2024-06-05T20:45:25.115Z",
        "user": 1,
        "content_type": 9,
        "object_id": "1",
        "object_repr": "LUNCH",
        "action_flag": 2,
        "change_message": "[{\"changed\": {\"fields\": [\"Photo\"]}}]"
    }
},
{
    "model": "admin.logentry",
    "pk": 67,
    "fields": {
        "action_time": "2024-06-05T21:38:53.531Z",
        "user": 1,
        "content_type": 13,
        "object_id": "12",
        "object_repr": "PINE NUT SBRISALONAS",
        "action_flag": 3,
        "change_message": ""
    }
},
{
    "model": "auth.permission",
    "pk": 1,
    "fields": {
        "name": "Can add log entry",
        "content_type": 1,
        "codename": "add_logentry"
    }
},
{
    "model": "auth.permission",
    "pk": 2,
    "fields": {
        "name": "Can change log entry",
        "content_type": 1,
        "codename": "change_logentry"
    }
},
{
    "model": "auth.permission",
    "pk": 3,
    "fields": {
        "name": "Can delete log entry",
        "content_type": 1,
        "codename": "delete_logentry"
    }
},
{
    "model": "auth.permission",
    "pk": 4,
    "fields": {
        "name": "Can view log entry",
        "content_type": 1,
        "codename": "view_logentry"
    }
},
{
    "model": "auth.permission",
    "pk": 5,
    "fields": {
        "name": "Can add permission",
        "content_type": 2,
        "codename": "add_permission"
    }
},
{
    "model": "auth.permission",
    "pk": 6,
    "fields": {
        "name": "Can change permission",
        "content_type": 2,
        "codename": "change_permission"
    }
},
{
    "model": "auth.permission",
    "pk": 7,
    "fields": {
        "name": "Can delete permission",
        "content_type": 2,
        "codename": "delete_permission"
    }
},
{
    "model": "auth.permission",
    "pk": 8,
    "fields": {
        "name": "Can view permission",
        "content_type": 2,
        "codename": "view_permission"
    }
},
{
    "model": "auth.permission",
    "pk": 9,
    "fields": {
        "name": "Can add group",
        "content_type": 3,
        "codename": "add_group"
    }
},
{
    "model": "auth.permission",
    "pk": 10,
    "fields": {
        "name": "Can change group",
        "content_type": 3,
        "codename": "change_group"
    }
},
{
    "model": "auth.permission",
    "pk": 11,
    "fields": {
        "name": "Can delete group",
        "content_type": 3,
        "codename": "delete_group"
    }
},
{
    "model": "auth.permission",
    "pk": 12,
    "fields": {
        "name": "Can view group",
        "content_type": 3,
        "codename": "view_group"
    }
},
{
    "model": "auth.permission",
    "pk": 13,
    "fields": {
        "name": "Can add user",
        "content_type": 4,
        "codename": "add_user"
    }
},
{
    "model": "auth.permission",
    "pk": 14,
    "fields": {
        "name": "Can change user",
        "content_type": 4,
        "codename": "change_user"
    }
},
{
    "model": "auth.permission",
    "pk": 15,
    "fields": {
        "name": "Can delete user",
        "content_type": 4,
        "codename": "delete_user"
    }
},
{
    "model": "auth.permission",
    "pk": 16,
    "fields": {
        "name": "Can view user",
        "content_type": 4,
        "codename": "view_user"
    }
},
{
    "model": "auth.permission",
    "pk": 17,
    "fields": {
        "name": "Can add content type",
        "content_type": 5,
        "codename": "add_contenttype"
    }
},
{
    "model": "auth.permission",
    "pk": 18,
    "fields": {
        "name": "Can change content type",
        "content_type": 5,
        "codename": "change_contenttype"
    }
},
{
    "model": "auth.permission",
    "pk": 19,
    "fields": {
        "name": "Can delete content type",
        "content_type": 5,
        "codename": "delete_contenttype"
    }
},
{
    "model": "auth.permission",
    "pk": 20,
    "fields": {
        "name": "Can view content type",
        "content_type": 5,
        "codename": "view_contenttype"
    }
},
{
    "model": "auth.permission",
    "pk": 21,
    "fields": {
        "name": "Can add session",
        "content_type": 6,
        "codename": "add_session"
    }
},
{
    "model": "auth.permission",
    "pk": 22,
    "fields": {
        "name": "Can change session",
        "content_type": 6,
        "codename": "change_session"
    }
},
{
    "model": "auth.permission",
    "pk": 23,
    "fields": {
        "name": "Can delete session",
        "content_type": 6,
        "codename": "delete_session"
    }
},
{
    "model": "auth.permission",
    "pk": 24,
    "fields": {
        "name": "Can view session",
        "content_type": 6,
        "codename": "view_session"
    }
},
{
    "model": "auth.permission",
    "pk": 25,
    "fields": {
        "name": "Can add Повар",
        "content_type": 7,
        "codename": "add_chefs"
    }
},
{
    "model": "auth.permission",
    "pk": 26,
    "fields": {
        "name": "Can change Повар",
        "content_type": 7,
        "codename": "change_chefs"
    }
},
{
    "model": "auth.permission",
    "pk": 27,
    "fields": {
        "name": "Can delete Повар",
        "content_type": 7,
        "codename": "delete_chefs"
    }
},
{
    "model": "auth.permission",
    "pk": 28,
    "fields": {
        "name": "Can view Повар",
        "content_type": 7,
        "codename": "view_chefs"
    }
},
{
    "model": "auth.permission",
    "pk": 29,
    "fields": {
        "name": "Can add Описание",
        "content_type": 8,
        "codename": "add_description"
    }
},
{
    "model": "auth.permission",
    "pk": 30,
    "fields": {
        "name": "Can change Описание",
        "content_type": 8,
        "codename": "change_description"
    }
},
{
    "model": "auth.permission",
    "pk": 31,
    "fields": {
        "name": "Can delete Описание",
        "content_type": 8,
        "codename": "delete_description"
    }
},
{
    "model": "auth.permission",
    "pk": 32,
    "fields": {
        "name": "Can view Описание",
        "content_type": 8,
        "codename": "view_description"
    }
},
{
    "model": "auth.permission",
    "pk": 33,
    "fields": {
        "name": "Can add Категория блюд",
        "content_type": 9,
        "codename": "add_dishcategory"
    }
},
{
    "model": "auth.permission",
    "pk": 34,
    "fields": {
        "name": "Can change Категория блюд",
        "content_type": 9,
        "codename": "change_dishcategory"
    }
},
{
    "model": "auth.permission",
    "pk": 35,
    "fields": {
        "name": "Can delete Категория блюд",
        "content_type": 9,
        "codename": "delete_dishcategory"
    }
},
{
    "model": "auth.permission",
    "pk": 36,
    "fields": {
        "name": "Can view Категория блюд",
        "content_type": 9,
        "codename": "view_dishcategory"
    }
},
{
    "model": "auth.permission",
    "pk": 37,
    "fields": {
        "name": "Can add Фото",
        "content_type": 10,
        "codename": "add_gallery"
    }
},
{
    "model": "auth.permission",
    "pk": 38,
    "fields": {
        "name": "Can change Фото",
        "content_type": 10,
        "codename": "change_gallery"
    }
},
{
    "model": "auth.permission",
    "pk": 39,
    "fields": {
        "name": "Can delete Фото",
        "content_type": 10,
        "codename": "delete_gallery"
    }
},
{
    "model": "auth.permission",
    "pk": 40,
    "fields": {
        "name": "Can view Фото",
        "content_type": 10,
        "codename": "view_gallery"
    }
},
{
    "model": "auth.permission",
    "pk": 41,
    "fields": {
        "name": "Can add Приветствие",
        "content_type": 11,
        "codename": "add_introduction"
    }
},
{
    "model": "auth.permission",
    "pk": 42,
    "fields": {
        "name": "Can change Приветствие",
        "content_type": 11,
        "codename": "change_introduction"
    }
},
{
    "model": "auth.permission",
    "pk": 43,
    "fields": {
        "name": "Can delete Приветствие",
        "content_type": 11,
        "codename": "delete_introduction"
    }
},
{
    "model": "auth.permission",
    "pk": 44,
    "fields": {
        "name": "Can view Приветствие",
        "content_type": 11,
        "codename": "view_introduction"
    }
},
{
    "model": "auth.permission",
    "pk": 45,
    "fields": {
        "name": "Can add Отзыв",
        "content_type": 12,
        "codename": "add_review"
    }
},
{
    "model": "auth.permission",
    "pk": 46,
    "fields": {
        "name": "Can change Отзыв",
        "content_type": 12,
        "codename": "change_review"
    }
},
{
    "model": "auth.permission",
    "pk": 47,
    "fields": {
        "name": "Can delete Отзыв",
        "content_type": 12,
        "codename": "delete_review"
    }
},
{
    "model": "auth.permission",
    "pk": 48,
    "fields": {
        "name": "Can view Отзыв",
        "content_type": 12,
        "codename": "view_review"
    }
},
{
    "model": "auth.permission",
    "pk": 49,
    "fields": {
        "name": "Can add Блюдо",
        "content_type": 13,
        "codename": "add_dish"
    }
},
{
    "model": "auth.permission",
    "pk": 50,
    "fields": {
        "name": "Can change Блюдо",
        "content_type": 13,
        "codename": "change_dish"
    }
},
{
    "model": "auth.permission",
    "pk": 51,
    "fields": {
        "name": "Can delete Блюдо",
        "content_type": 13,
        "codename": "delete_dish"
    }
},
{
    "model": "auth.permission",
    "pk": 52,
    "fields": {
        "name": "Can view Блюдо",
        "content_type": 13,
        "codename": "view_dish"
    }
},
{
    "model": "auth.permission",
    "pk": 53,
    "fields": {
        "name": "Can add Бронирование",
        "content_type": 14,
        "codename": "add_reservation"
    }
},
{
    "model": "auth.permission",
    "pk": 54,
    "fields": {
        "name": "Can change Бронирование",
        "content_type": 14,
        "codename": "change_reservation"
    }
},
{
    "model": "auth.permission",
    "pk": 55,
    "fields": {
        "name": "Can delete Бронирование",
        "content_type": 14,
        "codename": "delete_reservation"
    }
},
{
    "model": "auth.permission",
    "pk": 56,
    "fields": {
        "name": "Can view Бронирование",
        "content_type": 14,
        "codename": "view_reservation"
    }
},
{
    "model": "auth.user",
    "pk": 1,
    "fields": {
        "password": "pbkdf2_sha256$720000$7qhz4GKQT22ayS6JOr7njF$SNQrBePcbRH+O53/ejcu6nEDCBTU6RKXOgQQlcdePXY=",
        "last_login": "2024-06-03T15:59:44Z",
        "is_superuser": true,
        "username": "admin",
        "first_name": "",
        "last_name": "",
        "email": "",
        "is_staff": true,
        "is_active": true,
        "date_joined": "2024-06-03T15:57:35Z",
        "groups": [],
        "user_permissions": [
            1,
            2,
            3,
            4,
            9,
            10,
            11,
            12,
            5,
            6,
            7,
            8,
            13,
            14,
            15,
            16,
            17,
            18,
            19,
            20,
            25,
            26,
            27,
            28,
            29,
            30,
            31,
            32,
            49,
            50,
            51,
            52,
            33,
            34,
            35,
            36,
            37,
            38,
            39,
            40,
            41,
            42,
            43,
            44,
            45,
            46,
            47,
            48,
            21,
            22,
            23,
            24
        ]
    }
},
{
    "model": "auth.user",
    "pk": 2,
    "fields": {
        "password": "pbkdf2_sha256$720000$Jvsgfwih18GfjJNLWT8SrF$KQioTugoXJ4PcG2Vx2xrOxim1i8/cI9SL+ZBRyDrfKo=",
        "last_login": "2024-06-06T17:13:38.284Z",
        "is_superuser": false,
        "username": "alena",
        "first_name": "",
        "last_name": "",
        "email": "ana@gmail.com",
        "is_staff": false,
        "is_active": true,
        "date_joined": "2024-06-06T16:47:43.089Z",
        "groups": [],
        "user_permissions": []
    }
},
{
    "model": "contenttypes.contenttype",
    "pk": 1,
    "fields": {
        "app_label": "admin",
        "model": "logentry"
    }
},
{
    "model": "contenttypes.contenttype",
    "pk": 2,
    "fields": {
        "app_label": "auth",
        "model": "permission"
    }
},
{
    "model": "contenttypes.contenttype",
    "pk": 3,
    "fields": {
        "app_label": "auth",
        "model": "group"
    }
},
{
    "model": "contenttypes.contenttype",
    "pk": 4,
    "fields": {
        "app_label": "auth",
        "model": "user"
    }
},
{
    "model": "contenttypes.contenttype",
    "pk": 5,
    "fields": {
        "app_label": "contenttypes",
        "model": "contenttype"
    }
},
{
    "model": "contenttypes.contenttype",
    "pk": 6,
    "fields": {
        "app_label": "sessions",
        "model": "session"
    }
},
{
    "model": "contenttypes.contenttype",
    "pk": 7,
    "fields": {
        "app_label": "main",
        "model": "chefs"
    }
},
{
    "model": "contenttypes.contenttype",
    "pk": 8,
    "fields": {
        "app_label": "main",
        "model": "description"
    }
},
{
    "model": "contenttypes.contenttype",
    "pk": 9,
    "fields": {
        "app_label": "main",
        "model": "dishcategory"
    }
},
{
    "model": "contenttypes.contenttype",
    "pk": 10,
    "fields": {
        "app_label": "main",
        "model": "gallery"
    }
},
{
    "model": "contenttypes.contenttype",
    "pk": 11,
    "fields": {
        "app_label": "main",
        "model": "introduction"
    }
},
{
    "model": "contenttypes.contenttype",
    "pk": 12,
    "fields": {
        "app_label": "main",
        "model": "review"
    }
},
{
    "model": "contenttypes.contenttype",
    "pk": 13,
    "fields": {
        "app_label": "main",
        "model": "dish"
    }
},
{
    "model": "contenttypes.contenttype",
    "pk": 14,
    "fields": {
        "app_label": "main",
        "model": "reservation"
    }
},
{
    "model": "sessions.session",
    "pk": "d10k4zn0ubr86g59dnfkbr0fqzzbg9lc",
    "fields": {
        "session_data": ".eJxVjDsOwjAQBe_iGlmxHf8o6TmDtVnv4gCypTipEHeHSCmgfTPzXiLBtpa0dVrSnMVZaHH63SbAB9Ud5DvUW5PY6rrMk9wVedAury3T83K4fwcFevnWnh2ZUYXoA2Ik0so7tjEYGhkGixg4o3KadQZjnB9CUKyZHEStiKx4fwDiUzf1:1sFGgE:9RvmwMjBdOu5jJRZA9kEsjy_wmoRTGjmRM8x-wkXhYE",
        "expire_date": "2024-06-20T17:13:38.311Z"
    }
},
{
    "model": "main.introduction",
    "pk": 1,
    "fields": {
        "name": "PHOTO1",
        "photo": "introduction/master-slides-03.jpg"
    }
},
{
    "model": "main.introduction",
    "pk": 2,
    "fields": {
        "name": "PHOTO2",
        "photo": "introduction/master-slides-01.jpg"
    }
},
{
    "model": "main.introduction",
    "pk": 3,
    "fields": {
        "name": "PHOTO3",
        "photo": "introduction/master-slides-02.jpg"
    }
},
{
    "model": "main.description",
    "pk": 1,
    "fields": {
        "name": "ROMANTIC RESTAURANT",
        "description": "Phasellus lorem enim, luctus ut velit eget, con-vallis egestas eros.",
        "photo": "description/intro-01.jpg"
    }
},
{
    "model": "main.description",
    "pk": 2,
    "fields": {
        "name": "DELICIOUS FOOD",
        "description": "Aliquam eget aliquam magna, quis posuere risus ac justo ipsum nibh urna",
        "photo": "description/intro-02.jpg"
    }
},
{
    "model": "main.description",
    "pk": 3,
    "fields": {
        "name": "RED WINES YOU LOVE",
        "description": "Sed ornare ligula eget tortor tempor, quis porta tellus dictum.",
        "photo": "description/intro-04.jpg"
    }
},
{
    "model": "main.review",
    "pk": 1,
    "fields": {
        "name": "Marie Simmons ˗ New York",
        "review": "\"We are lorem ipsum dolor sit amet, consectetur adipiscing elit. Aenean tellus sem, mattis in pre-tium nec, fermentum viverra dui\"",
        "photo": "review/avatar-05.jpg"
    }
},
{
    "model": "main.review",
    "pk": 2,
    "fields": {
        "name": "Marie Simmons ˗ New York",
        "review": "\"We are lorem ipsum dolor sit amet, consectetur adipiscing elit. Aenean tellus sem, mattis in pre-tium nec, fermentum viverra dui\"",
        "photo": "review/avatar-04.jpg"
    }
},
{
    "model": "main.review",
    "pk": 3,
    "fields": {
        "name": "Marie Simmons ˗ New York",
        "review": "“ We are lorem ipsum dolor sit amet, consectetur adipiscing elit.us sem, mattis in pre-tium nec, fermentum viverra dui ”",
        "photo": "review/avatar-01.jpg"
    }
},
{
    "model": "main.gallery",
    "pk": 1,
    "fields": {
        "name": "1",
        "photo": "gallery/photo-gallery-13.jpg"
    }
},
{
    "model": "main.gallery",
    "pk": 2,
    "fields": {
        "name": "2",
        "photo": "gallery/photo-gallery-08.jpg"
    }
},
{
    "model": "main.gallery",
    "pk": 3,
    "fields": {
        "name": "3",
        "photo": "gallery/photo-gallery-15.jpg"
    }
},
{
    "model": "main.gallery",
    "pk": 4,
    "fields": {
        "name": "4",
        "photo": "gallery/photo-gallery-16.jpg"
    }
},
{
    "model": "main.gallery",
    "pk": 5,
    "fields": {
        "name": "5",
        "photo": "gallery/photo-gallery-17.jpg"
    }
},
{
    "model": "main.gallery",
    "pk": 6,
    "fields": {
        "name": "6",
        "photo": "gallery/photo-gallery-thumb-18.jpg"
    }
},
{
    "model": "main.gallery",
    "pk": 7,
    "fields": {
        "name": "7",
        "photo": "gallery/photo-gallery-thumb-07.jpg"
    }
},
{
    "model": "main.gallery",
    "pk": 8,
    "fields": {
        "name": "8",
        "photo": "gallery/photo-gallery-thumb-20.jpg"
    }
},
{
    "model": "main.gallery",
    "pk": 9,
    "fields": {
        "name": "9",
        "photo": "gallery/photo-gallery-thumb-21.jpg"
    }
},
{
    "model": "main.chefs",
    "pk": 1,
    "fields": {
        "name": "Peter Hart",
        "is_visible": true,
        "position": "CHEF",
        "description": "Donec porta eleifend mauris ut effici-tur. Quisque non velit vestibulum, lob-ortis mi eget, rhoncus nunc",
        "photo": "chefs/avatar-02.jpg"
    }
},
{
    "model": "main.chefs",
    "pk": 2,
    "fields": {
        "name": "Joyce Bowman",
        "is_visible": true,
        "position": "CHEF",
        "description": "Lorem ipsum dolor sit amet, consectetur adipiscing elit. Proin ultricies felis a sem tempus tempus.",
        "photo": "chefs/avatar-03.jpg"
    }
},
{
    "model": "main.chefs",
    "pk": 3,
    "fields": {
        "name": "Peter Hartis",
        "is_visible": true,
        "position": "CHEF",
        "description": "Phasellus aliquam libero a nisi varius, vitae placerat sem aliquet. Ut at velit nec ipsum iaculis posuere quis in sapien",
        "photo": "chefs/avatar-05.jpg"
    }
},
{
    "model": "main.dishcategory",
    "pk": 1,
    "fields": {
        "name": "LUNCH",
        "is_visible": true,
        "sort": 1,
        "photo": "dishcategories/header-menu-01.jpg"
    }
},
{
    "model": "main.dishcategory",
    "pk": 2,
    "fields": {
        "name": "DINNER",
        "is_visible": true,
        "sort": 2,
        "photo": "dishcategories/header-menu-02.jpg"
    }
},
{
    "model": "main.dishcategory",
    "pk": 3,
    "fields": {
        "name": "STARTERS",
        "is_visible": true,
        "sort": 3,
        "photo": ""
    }
},
{
    "model": "main.dishcategory",
    "pk": 4,
    "fields": {
        "name": "MAIN",
        "is_visible": true,
        "sort": 4,
        "photo": ""
    }
},
{
    "model": "main.dishcategory",
    "pk": 5,
    "fields": {
        "name": "DRINKS",
        "is_visible": true,
        "sort": 5,
        "photo": ""
    }
},
{
    "model": "main.dishcategory",
    "pk": 6,
    "fields": {
        "name": "DESSERT",
        "is_visible": true,
        "sort": 6,
        "photo": ""
    }
},
{
    "model": "main.dish",
    "pk": 1,
    "fields": {
        "name": "SED VARIUS",
        "description": "Aenean pharetra tortor dui in pellentesque",
        "price": "29.79",
        "is_visible": true,
        "category": 1,
        "sort": 1,
        "photo": "dishes/lunch-01.jpg"
    }
},
{
    "model": "main.dish",
    "pk": 3,
    "fields": {
        "name": "TEMPUS ALIQUET",
        "description": "Aenean condimentum ante erat",
        "price": "45.09",
        "is_visible": true,
        "category": 1,
        "sort": 2,
        "photo": "dishes/lunch-03.jpg"
    }
},
{
    "model": "main.dish",
    "pk": 4,
    "fields": {
        "name": "DUIS MASSA",
        "description": "Proin lacinia nisl ut ultricies posuere nulla",
        "price": "12.75",
        "is_visible": true,
        "category": 1,
        "sort": 3,
        "photo": "dishes/lunch-05.jpg"
    }
},
{
    "model": "main.dish",
    "pk": 5,
    "fields": {
        "name": "SBRISALONA",
        "description": "Proin lacinia nisl ut ultricies posuere nulla",
        "price": "29.79",
        "is_visible": true,
        "category": 1,
        "sort": 4,
        "photo": "dishes/lunch-02.jpg"
    }
},
{
    "model": "main.dish",
    "pk": 6,
    "fields": {
        "name": "CRAS EGET MAGNA",
        "description": "Sed fermentum eros vitae eros",
        "price": "45.09",
        "is_visible": true,
        "category": 1,
        "sort": 5,
        "photo": "dishes/lunch-04.jpg"
    }
},
{
    "model": "main.dish",
    "pk": 7,
    "fields": {
        "name": "NULLAM MAXIMUS",
        "description": "Duis massa nibh porttitor nec imperdiet eget",
        "price": "12.75",
        "is_visible": true,
        "category": 1,
        "sort": 6,
        "photo": "dishes/lunch-06.jpg"
    }
},
{
    "model": "main.dish",
    "pk": 8,
    "fields": {
        "name": "MAECENAS TRISTIQUE",
        "description": "Aenean pharetra tortor dui in pellentesque",
        "price": "29.79",
        "is_visible": true,
        "category": 2,
        "sort": 1,
        "photo": "dishes/dinner-01.jpg"
    }
},
{
    "model": "main.dish",
    "pk": 9,
    "fields": {
        "name": "PINE NUT SBRISALONA",
        "description": "Aenean condimentum ante erat",
        "price": "45.09",
        "is_visible": true,
        "category": 2,
        "sort": 2,
        "photo": "dishes/dinner-03.jpg"
    }
},
{
    "model": "main.dish",
    "pk": 10,
    "fields": {
        "name": "SUSPENDISSE EU",
        "description": "Proin lacinia nisl ut ultricies posuere nulla",
        "price": "12.75",
        "is_visible": true,
        "category": 2,
        "sort": 3,
        "photo": "dishes/dinner-05.jpg"
    }
},
{
    "model": "main.dish",
    "pk": 11,
    "fields": {
        "name": "CRAS MAXIMUS",
        "description": "Proin lacinia nisl ut ultricies posuere nulla",
        "price": "29.79",
        "is_visible": true,
        "category": 2,
        "sort": 4,
        "photo": "dishes/dinner-02.jpg"
    }
},
{
    "model": "main.dish",
    "pk": 13,
    "fields": {
        "name": "TEMPOR MALESUADA",
        "description": "Duis massa nibh porttitor nec imperdiet eget",
        "price": "12.75",
        "is_visible": true,
        "category": 2,
        "sort": 6,
        "photo": "dishes/dinner-06.jpg"
    }
},
{
    "model": "main.dish",
    "pk": 14,
    "fields": {
        "name": "PINES NUT SBRISALONAS",
        "description": "Sed fermentum eros vitae eros",
        "price": "29.79",
        "is_visible": true,
        "category": 3,
        "sort": 1,
        "photo": ""
    }
},
{
    "model": "main.dish",
    "pk": 15,
    "fields": {
        "name": "AENEAN EU",
        "description": "Feugiat maximus neque pharetra",
        "price": "19.35",
        "is_visible": true,
        "category": 3,
        "sort": 2,
        "photo": ""
    }
},
{
    "model": "main.dish",
    "pk": 16,
    "fields": {
        "name": "SED FEUGIAT",
        "description": "Proin lacinia nisl ut ultricies posuere nulla",
        "price": "12.19",
        "is_visible": true,
        "category": 3,
        "sort": 3,
        "photo": ""
    }
},
{
    "model": "main.dish",
    "pk": 17,
    "fields": {
        "name": "CONSECTETUR",
        "description": "Etiam cursus facilisis tortor",
        "price": "21.89",
        "is_visible": true,
        "category": 3,
        "sort": 4,
        "photo": ""
    }
},
{
    "model": "main.dish",
    "pk": 18,
    "fields": {
        "name": "VIVAMUS PRETIUM",
        "description": "Sed fermentum eros vitae eros",
        "price": "29.79",
        "is_visible": true,
        "category": 5,
        "sort": 1,
        "photo": ""
    }
},
{
    "model": "main.dish",
    "pk": 19,
    "fields": {
        "name": "DUIS PHARETRA LIGULA",
        "description": "Feugiat maximus neque pharetra",
        "price": "19.35",
        "is_visible": true,
        "category": 5,
        "sort": 2,
        "photo": ""
    }
},
{
    "model": "main.dish",
    "pk": 20,
    "fields": {
        "name": "IN EU DOLOR",
        "description": "Proin lacinia nisl ut ultricies posuere nulla",
        "price": "53.34",
        "is_visible": true,
        "category": 5,
        "sort": 3,
        "photo": ""
    }
},
{
    "model": "main.dish",
    "pk": 21,
    "fields": {
        "name": "FEUGIAT MAXIMUS",
        "description": "Sed fermentum eros vitae eros",
        "price": "62.45",
        "is_visible": true,
        "category": 5,
        "sort": 4,
        "photo": ""
    }
},
{
    "model": "main.dish",
    "pk": 22,
    "fields": {
        "name": "DUIS SED ALIQUET",
        "description": "Proin lacinia nisl ut ultricies posuere nulla",
        "price": "31.18",
        "is_visible": true,
        "category": 4,
        "sort": 1,
        "photo": ""
    }
},
{
    "model": "main.dish",
    "pk": 23,
    "fields": {
        "name": "SUSPENDISSE",
        "description": "Feugiat maximus neque pharetra",
        "price": "70.25",
        "is_visible": true,
        "category": 4,
        "sort": 2,
        "photo": ""
    }
},
{
    "model": "main.dish",
    "pk": 24,
    "fields": {
        "name": "SCELERISQUE SED",
        "description": "Etiam cursus facilisis tortor",
        "price": "36.19",
        "is_visible": true,
        "category": 4,
        "sort": 3,
        "photo": ""
    }
},
{
    "model": "main.dish",
    "pk": 25,
    "fields": {
        "name": "MOLLIS NULLA",
        "description": "Proin lacinia nisl ut ultricies posuere nulla",
        "price": "19.50",
        "is_visible": true,
        "category": 4,
        "sort": 4,
        "photo": ""
    }
},
{
    "model": "main.dish",
    "pk": 26,
    "fields": {
        "name": "CONVALLIS AUGUE",
        "description": "Sed fermentum eros vitae eros",
        "price": "29.15",
        "is_visible": true,
        "category": 4,
        "sort": 5,
        "photo": ""
    }
},
{
    "model": "main.dish",
    "pk": 27,
    "fields": {
        "name": "MAECENAS TRISTIQUES",
        "description": "Feugiat maximus neque pharetra",
        "price": "29.79",
        "is_visible": true,
        "category": 4,
        "sort": 6,
        "photo": ""
    }
},
{
    "model": "main.dish",
    "pk": 28,
    "fields": {
        "name": "DUIS TINCDUNT",
        "description": "Proin lacinia nisl ut ultricies posuere nulla",
        "price": "19.35",
        "is_visible": true,
        "category": 4,
        "sort": 7,
        "photo": ""
    }
},
{
    "model": "main.dish",
    "pk": 29,
    "fields": {
        "name": "TEMPUS ALIQUETS",
        "description": "Proin lacinia nisl ut ultricies posuere nulla",
        "price": "9.79",
        "is_visible": true,
        "category": 5,
        "sort": 1,
        "photo": ""
    }
},
{
    "model": "main.dish",
    "pk": 30,
    "fields": {
        "name": "SCELERISQUE",
        "description": "Sed fermentum eros vitae eros",
        "price": "19.35",
        "is_visible": true,
        "category": 5,
        "sort": 2,
        "photo": ""
    }
},
{
    "model": "main.dish",
    "pk": 31,
    "fields": {
        "name": "CRAS MAX",
        "description": "Duis pharetra ligula at urna dignissim",
        "price": "5.79",
        "is_visible": true,
        "category": 5,
        "sort": 3,
        "photo": ""
    }
},
{
    "model": "main.dish",
    "pk": 32,
    "fields": {
        "name": "TEMPUS ALIQ",
        "description": "Proin lacinia nisl ut ultricies posuere nulla",
        "price": "9.79",
        "is_visible": true,
        "category": 6,
        "sort": 1,
        "photo": ""
    }
},
{
    "model": "main.dish",
    "pk": 33,
    "fields": {
        "name": "SCELERISQUES",
        "description": "Sed fermentum eros vitae eros",
        "price": "19.35",
        "is_visible": true,
        "category": 6,
        "sort": 2,
        "photo": ""
    }
},
{
    "model": "main.dish",
    "pk": 34,
    "fields": {
        "name": "CRAS M",
        "description": "Duis pharetra ligula at urna dignissim",
        "price": "5.79",
        "is_visible": true,
        "category": 6,
        "sort": 3,
        "photo": ""
    }
},
{
    "model": "main.reservation",
    "pk": 1,
    "fields": {
        "name": "Ann",
        "phone": "+380687777777",
        "email": "ann@gmail.com",
        "date": "06/06/2024",
        "time": "9:00",
        "people": "1 person",
        "is_confirmed": false,
        "date_created": "2024-06-06T14:54:33.156Z",
        "date_updated": "2024-06-06T14:54:33.156Z"
    }
},
{
    "model": "main.reservation",
    "pk": 2,
    "fields": {
        "name": "Ann",
        "phone": "+1 5589 55488 55",
        "email": "anastasiya@gmail.com",
        "date": "06/06/2024",
        "time": "9:00",
        "people": "1 person",
        "is_confirmed": false,
        "date_created": "2024-06-06T14:56:14.368Z",
        "date_updated": "2024-06-06T14:56:14.368Z"
    }
}
]
